<?xml version="1.0" encoding="UTF-8"?>
<metadata xml:lang="en"><Esri><CreaDate>20211201</CreaDate><CreaTime>08305400</CreaTime><ArcGISFormat>1.0</ArcGISFormat><SyncOnce>TRUE</SyncOnce><RematchLocator>https://geocode.arcgis.com/arcgis/rest/services/World/GeocodeServer/ArcGIS World Geocoding Service<Category Locator="Review">Address</Category><Description Locator="Review">::</Description><PORTALURL Locator="Review">https://ritarcgis.maps.arcgis.com/</PORTALURL><Referer Locator="Review">http://www.esri.com/AGO/1A4289FE-88D5-4C15-8013-3645551BDD55</Referer><ISFILTERLOCATOR Locator="Review">FALSE</ISFILTERLOCATOR><ISEAGLELOCATOR Locator="Review">TRUE</ISEAGLELOCATOR><ISAGOWORLDLOCATOR Locator="Review">TRUE</ISAGOWORLDLOCATOR><CLSID Locator="Review">{92B913C2-FDF2-46D1-9D69-58F6711FE468}</CLSID><capabilities Locator="Review">Geocode,ReverseGeocode,Suggest</capabilities><NumThreads Locator="Review">0</NumThreads><MinimumMatchScore Locator="Review">75</MinimumMatchScore><MinimumCandidateScore Locator="Review">70</MinimumCandidateScore><supportsBatchOutFields Locator="Review">-1</supportsBatchOutFields><RequestTimeout Locator="Review">60</RequestTimeout><InTable Locator="Review">::</InTable><InKeyColumns Locator="Review">::</InKeyColumns><InColumns Locator="Review">IN_Address</InColumns><InColumns Locator="Review">IN_Addre_1</InColumns><InColumns Locator="Review">IN_Addre_2</InColumns><InColumns Locator="Review">IN_Neighbo</InColumns><InColumns Locator="Review">IN_City</InColumns><InColumns Locator="Review">IN_Subregi</InColumns><InColumns Locator="Review">IN_Region</InColumns><InColumns Locator="Review">IN_Postal</InColumns><InColumns Locator="Review">IN_PostalE</InColumns><InColumns Locator="Review">IN_Country</InColumns><OutTable Locator="Review">::</OutTable><OutKeyColumns Locator="Review">::</OutKeyColumns><OutColumns Locator="Review">Loc_name</OutColumns><OutColumns Locator="Review">Shape</OutColumns><OutColumns Locator="Review">Status</OutColumns><OutColumns Locator="Review">Score</OutColumns><OutColumns Locator="Review">Match_addr</OutColumns><OutColumns Locator="Review">LongLabel</OutColumns><OutColumns Locator="Review">ShortLabel</OutColumns><OutColumns Locator="Review">Addr_type</OutColumns><OutColumns Locator="Review">Type</OutColumns><OutColumns Locator="Review">PlaceName</OutColumns><OutColumns Locator="Review">Place_addr</OutColumns><OutColumns Locator="Review">Phone</OutColumns><OutColumns Locator="Review">URL</OutColumns><OutColumns Locator="Review">Rank</OutColumns><OutColumns Locator="Review">AddBldg</OutColumns><OutColumns Locator="Review">AddNum</OutColumns><OutColumns Locator="Review">AddNumFrom</OutColumns><OutColumns Locator="Review">AddNumTo</OutColumns><OutColumns Locator="Review">AddRange</OutColumns><OutColumns Locator="Review">Side</OutColumns><OutColumns Locator="Review">StPreDir</OutColumns><OutColumns Locator="Review">StPreType</OutColumns><OutColumns Locator="Review">StName</OutColumns><OutColumns Locator="Review">StType</OutColumns><OutColumns Locator="Review">StDir</OutColumns><OutColumns Locator="Review">BldgType</OutColumns><OutColumns Locator="Review">BldgName</OutColumns><OutColumns Locator="Review">LevelType</OutColumns><OutColumns Locator="Review">LevelName</OutColumns><OutColumns Locator="Review">UnitType</OutColumns><OutColumns Locator="Review">UnitName</OutColumns><OutColumns Locator="Review">SubAddr</OutColumns><OutColumns Locator="Review">StAddr</OutColumns><OutColumns Locator="Review">Block</OutColumns><OutColumns Locator="Review">Sector</OutColumns><OutColumns Locator="Review">Nbrhd</OutColumns><OutColumns Locator="Review">District</OutColumns><OutColumns Locator="Review">City</OutColumns><OutColumns Locator="Review">MetroArea</OutColumns><OutColumns Locator="Review">Subregion</OutColumns><OutColumns Locator="Review">Region</OutColumns><OutColumns Locator="Review">RegionAbbr</OutColumns><OutColumns Locator="Review">Territory</OutColumns><OutColumns Locator="Review">Zone</OutColumns><OutColumns Locator="Review">Postal</OutColumns><OutColumns Locator="Review">PostalExt</OutColumns><OutColumns Locator="Review">Country</OutColumns><OutColumns Locator="Review">LangCode</OutColumns><OutColumns Locator="Review">Distance</OutColumns><OutColumns Locator="Review">X</OutColumns><OutColumns Locator="Review">Y</OutColumns><OutColumns Locator="Review">DisplayX</OutColumns><OutColumns Locator="Review">DisplayY</OutColumns><OutColumns Locator="Review">Xmin</OutColumns><OutColumns Locator="Review">Xmax</OutColumns><OutColumns Locator="Review">Ymin</OutColumns><OutColumns Locator="Review">Ymax</OutColumns><OutColumns Locator="Review">ExInfo</OutColumns></RematchLocator><DataProperties><lineage><Process ToolSource="c:\program files\arcgis\pro\Resources\ArcToolbox\toolboxes\Geocoding Tools.tbx\GeocodeAddresses" Date="20211201" Time="083054">GeocodeAddresses new_york.csv "https://geocode.arcgis.com/arcgis/rest/services/World/GeocodeServer/ArcGIS World Geocoding Service" "'Address or Place' &lt;None&gt; VISIBLE NONE;Address2 &lt;None&gt; VISIBLE NONE;Address3 &lt;None&gt; VISIBLE NONE;Neighborhood &lt;None&gt; VISIBLE NONE;City &lt;None&gt; VISIBLE NONE;County County VISIBLE NONE;State State VISIBLE NONE;ZIP &lt;None&gt; VISIBLE NONE;ZIP4 &lt;None&gt; VISIBLE NONE;Country &lt;None&gt; VISIBLE NONE" C:\temp\ny_covid.shp STATIC US "Routing location" # All</Process></lineage></DataProperties></Esri></metadata>
